Workbook

Sheet Danh sách mua
A1: Danh sách mua linh kiện đợt 1 – Thiết bị đeo tay giám sát sức khỏe
A2: Giá kiểm tra trên trang của từng shop ngày 05/10/2026. Ô nền vàng là ô để bạn điền: Trạng thái (chọn trong danh sách), Thực trả, Ngày nhận.
A4: STT | B4: Nhóm | C4: Món | D4: Dùng để | E4: Nơi mua | F4: SL | G4: Đơn giá | H4: Thành tiền | I4: Giá ước tính? | J4: Trạng thái | K4: Thực trả | L4: Ngày nhận | M4: Ghi chú | N4: Link
A5: 1 | B5: Vi điều khiển, cảm biến | C5: XIAO nRF52840 Sense | D5: Vi điều khiển + BLE + IMU | E5: Hshop | F5: 2 | G5: 485000 | H5: =F5*G5 -> 970000 | I5: Không | J5: Chưa mua | M5: 1 con dự phòng | N5: Mở trang
A6: 2 | B6: Vi điều khiển, cảm biến | C6: Module MAX30102 | D6: Nhịp tim, SpO2 (PPG) | E6: Hshop | F6: 2 | G6: 38000 | H6: =F6*G6 -> 76000 | I6: Không | J6: Chưa mua | M6: Rẻ hơn ICDayroi (65.000đ). Có thể phải sửa điện trở kéo lên I2C 1,8 V | N6: Mở trang
A7: 3 | B7: Vi điều khiển, cảm biến | C7: Module AD8232 | D7: ECG 1 chuyển đạo | E7: ICDayroi | F7: 1 | G7: 210000 | H7: =F7*G7 -> 210000 | I7: Không | J7: Chưa mua | M7: Hỏi shop có kèm dây 3 cực + miếng dán không | N7: Mở trang
A8: 4 | B8: Vi điều khiển, cảm biến | C8: Module DS18B20 | D8: Nhiệt độ (bản thử nghiệm) | E8: ICDayroi | F8: 1 | G8: 16000 | H8: =F8*G8 -> 16000 | I8: Không | J8: Chưa mua | N8: Mở trang
A9: 5 | B9: Hiển thị, nguồn, lắp ráp | C9: Màn hình tròn GC9A01 1,28" | D9: Hiển thị trên đồng hồ | E9: Hshop | F9: 1 | G9: 115000 | H9: =F9*G9 -> 115000 | I9: Không | J9: Chưa mua | N9: Mở trang
A10: 6 | B10: Hiển thị, nguồn, lắp ráp | C10: Motor rung 1027 | D10: Rung cảnh báo | E10: ICDayroi | F10: 2 | G10: 7000 | H10: =F10*G10 -> 14000 | I10: Không | J10: Chưa mua | N10: Mở trang
A11: 7 | B11: Hiển thị, nguồn, lắp ráp | C11: Breadboard MB-102 (830 lỗ) | D11: Lắp mạch thử | E11: ICDayroi | F11: 1 | G11: 25000 | H11: =F11*G11 -> 25000 | I11: Không | J11: Chưa mua | N11: Mở trang
A12: 8 | B12: Hiển thị, nguồn, lắp ráp | C12: Dây cắm đực-đực/đực-cái, header đực, 2 nút nhấn 6×6 | D12: Lắp mạch thử, nút SOS | E12: ICDayroi | F12: 1 | G12: 40000 | H12: =F12*G12 -> 40000 | I12: Có | J12: Chưa mua | M12: Giá ước tính cho cả bộ | N12: Mở trang
A13: 9 | B13: Hiển thị, nguồn, lắp ráp | C13: Pin LiPo 3,7 V 250 mAh 502030 có mạch bảo vệ | D13: Nguồn cho bản đeo tay | E13: handphone.vn / Shopee | F13: 2 | G13: 35000 | H13: =F13*G13 -> 70000 | I13: Không | J13: Chưa mua | M13: Shop ở Hà Nội (ship 2–3 ngày); hoặc loại tương đương trên Shopee | N13: Mở trang
A14: 10 | B14: Hiển thị, nguồn, lắp ráp | C14: Miếng dán điện cực ECG (gói ~50 miếng) | D14: Đo ECG | E14: Shopee | F14: 1 | G14: 60000 | H14: =F14*G14 -> 60000 | I14: Có | J14: Chưa mua | M14: Giá ước tính | N14: Mở trang
A15: 11 | B15: Máy đo đối chứng | C15: Máy SpO2 kẹp ngón Jumper JPD-500E | D15: Đối chứng SpO2 (±2%) và nhịp tim (±2 bpm) | E15: Meta.vn | F15: 1 | G15: 380000 | H15: =F15*G15 -> 380000 | I15: Không | J15: Chưa mua | M15: JPD-500H trong Sổ tay đã ngừng bán | N15: Mở trang
A16: 12 | B16: Máy đo đối chứng | C16: Nhiệt kế điện tử Omron MC-246 | D16: Đối chứng nhiệt độ (±0,1 °C) | E16: Meta.vn | F16: 1 | G16: 55000 | H16: =F16*G16 -> 55000 | I16: Không | J16: Chưa mua | N16: Mở trang
C17: Tổng cộng | F17: =SUM(F5:F16) -> 16 | H17: =SUM(H5:H16) -> 2031000 | K17: =SUM(K5:K16) -> 0

Sheet Tổng hợp
A1: Tổng hợp chi phí đợt 1
A3: Nơi mua | B3: Số món | C3: Dự kiến | D3: Phí ship (điền) | E3: Dự kiến + ship | F3: Thực trả
A4: Hshop | B4: =COUNTIF('Danh sách mua'!$E$5:$E$16,A4) -> 3 | C4: =SUMIF('Danh sách mua'!$E$5:$E$16,A4,'Danh sách mua'!$H$5:$H$16) -> 1161000 | D4: 0 | E4: =C4+D4 -> 1161000 | F4: =SUMIF('Danh sách mua'!$E$5:$E$16,A4,'Danh sách mua'!$K$5:$K$16) -> 0
A5: ICDayroi | B5: =COUNTIF('Danh sách mua'!$E$5:$E$16,A5) -> 5 | C5: =SUMIF('Danh sách mua'!$E$5:$E$16,A5,'Danh sách mua'!$H$5:$H$16) -> 305000 | D5: 0 | E5: =C5+D5 -> 305000 | F5: =SUMIF('Danh sách mua'!$E$5:$E$16,A5,'Danh sách mua'!$K$5:$K$16) -> 0
A6: handphone.vn / Shopee | B6: =COUNTIF('Danh sách mua'!$E$5:$E$16,A6) -> 1 | C6: =SUMIF('Danh sách mua'!$E$5:$E$16,A6,'Danh sách mua'!$H$5:$H$16) -> 70000 | D6: 0 | E6: =C6+D6 -> 70000 | F6: =SUMIF('Danh sách mua'!$E$5:$E$16,A6,'Danh sách mua'!$K$5:$K$16) -> 0
A7: Shopee | B7: =COUNTIF('Danh sách mua'!$E$5:$E$16,A7) -> 1 | C7: =SUMIF('Danh sách mua'!$E$5:$E$16,A7,'Danh sách mua'!$H$5:$H$16) -> 60000 | D7: 0 | E7: =C7+D7 -> 60000 | F7: =SUMIF('Danh sách mua'!$E$5:$E$16,A7,'Danh sách mua'!$K$5:$K$16) -> 0
A8: Meta.vn | B8: =COUNTIF('Danh sách mua'!$E$5:$E$16,A8) -> 2 | C8: =SUMIF('Danh sách mua'!$E$5:$E$16,A8,'Danh sách mua'!$H$5:$H$16) -> 435000 | D8: 0 | E8: =C8+D8 -> 435000 | F8: =SUMIF('Danh sách mua'!$E$5:$E$16,A8,'Danh sách mua'!$K$5:$K$16) -> 0
A9: Tổng | B9: =SUM(B4:B8) -> 12 | C9: =SUM(C4:C8) -> 2031000 | D9: =SUM(D4:D8) -> 0 | E9: =SUM(E4:E8) -> 2031000 | F9: =SUM(F4:F8) -> 0
A11: Kiểm tra: tổng bằng sheet Danh sách mua | B11: =IF(C9='Danh sách mua'!H17,"Khớp","Lệch – kiểm tra cột Nơi mua") -> Khớp
A12: Số món đã nhận | B12: =COUNTIF('Danh sách mua'!$J$5:$J$16,"Đã nhận")&" / "&COUNTA('Danh sách mua'!$J$5:$J$16) -> 0 / 12
A13: Ngân sách đợt 1 trong Sổ tay | B13: 3200000 | C13: Từ mục 9 Sổ tay thực hiện đồ án (dự kiến ngày 04/10/2026)
A14: Còn lại so với ngân sách đợt 1 | B14: =B13-E9 -> 1169000
A15: Ngân sách cả đồ án (tối đa) | B15: 8000000 | C15: Nhóm cho biết ngân sách 5–8 triệu

Sheet Đã có sẵn
A1: Đồ nhóm đã có – không cần mua
A3: Món | B3: Dùng để
A4: Máy huyết áp bắp tay | B4: Đối chứng và hiệu chuẩn huyết áp (PAT)
A5: Cáp USB-C truyền dữ liệu | B5: Nạp code cho XIAO
A6: Thiếc, nhựa thông, kìm cắt | B6: Hàn chân header
A7: Mỏ hàn, máy khò | B7: Hàn và sửa mạch
A8: Đồng hồ vạn năng | B8: Đo điện áp, kiểm tra chập
A9: Điện thoại Android | B9: Chạy app Flutter
